Model,Accuracy,ROC-AUC
Logistic Regression,0.891,0.9390190972222222
Random Forest,0.9923333333333333,0.9998753781628164
Gradient Boosting,0.999,0.9990434915887422
Random Forest (Tuned),0.991,0.9998868376420975
